id,category,title,origin,credit,source_urls,prompt,twists
1,Go-all-out one-liners,The showreel,adapted,"Based on @stephanlivera, the prompt that started the trend (about 17K likes).",https://x.com/stephanlivera/status/2103315922098470926,"BRAND: open
Make a dynamic 15-second motion graphics video that shows what an incredible motion designer you are, like it's your showreel for a résumé. Go all out. One self-contained HTML file.","""…like it's your showreel for a job at a Japanese type foundry / Formula 1 team / natural history museum"" | ""…but every shot uses a different art movement"" | ""…in 6 seconds, seamless loop"""
2,Go-all-out one-liners,Title sequence for a show that doesn't exist,adapted,Based on @abhinayguptha,https://x.com/abhinayguptha/status/2103565090721259981,"BRAND: open
Make a 20-second main title sequence for a {{GENRE}} series that doesn't exist yet. Invent the title. Make it feel like it won an Emmy for main title design. One self-contained HTML file.",Nordic noir | heist comedy | nature documentary | 70s cop show | cosmic horror | cooking competition
3,Go-all-out one-liners,What it feels like to be you,adapted,Based on @SuryaRajendhran,https://x.com/SuryaRajendhran/status/2103122292343730437,"BRAND: open
Make a 30-second animation about what it feels like to be you, using whatever techniques you like. No text explaining it; let the motion carry the feeling. One self-contained HTML file.","""…to be a city at 4am"" | ""…to be a raindrop"" | ""…to be the last tab left open"""
4,Go-all-out one-liners,"One idea, every style",adapted,Based on @emollick,https://x.com/emollick/status/2103688362960019567,"BRAND: open
Make a fast, clever animation explaining {{TOPIC}}, where every explanation uses a radically different visual style (at least 6 styles), and the transitions between styles are part of the joke. One self-contained HTML file.",recursion | compound interest | how a rumour spreads | why the sky is blue | your own product
5,Go-all-out one-liners,Breaking out of the frame,adapted,Based on @pankajkumar_dev,https://x.com/pankajkumar_dev/status/2103502614134718609,"BRAND: open
Create a motion design piece of a poster breaking out of its own frame. Go all out. One self-contained HTML file.","""…a word escaping its sentence"" | ""…a chart line escaping its graph"" | ""…a cartoon escaping its panel"""
6,Go-all-out one-liners,A machine that makes music,adapted,Based on @KamStudioLabs,https://x.com/KamStudioLabs/status/2102899866762440893,"BRAND: open
Build a 45-second machine that plays an original piece of music, where every note comes from a visible collision.
Generate the sound in code with Web Audio. One self-contained HTML file; click to start.","""…a Rube Goldberg kitchen"" | ""…marbles on a xylophone staircase"" | ""…raindrops on a city of tin roofs"""
7,Go-all-out one-liners,A silent short film,adapted,Based on @KamStudioLabs,https://x.com/KamStudioLabs/status/2102908742518100086,"BRAND: open
Make a 45-second silent short film with no dialogue, where sound tells half the story. Invent the story. Generate every sound in code. One self-contained HTML file; click to start.",
8,Go-all-out one-liners,The object that refuses,adapted,"Based on @KamStudioLabs (""a bug that doesn't want to be fixed"")",https://x.com/KamStudioLabs/status/2102903173161877996,"BRAND: open
Make a 60-second animated short about {{AN OBJECT}} that refuses to do its job. Give it a personality, a problem and a surprising ending. One self-contained HTML file.",a loading spinner that won't stop | an umbrella afraid of rain | a cursor that wants to retire
9,Go-all-out one-liners,The window,adapted,Based on @itsolelehmann,https://x.com/itsolelehmann/status/2103124033365762215,"BRAND: open
Four seasons passing outside a train window, a cozy carriage, a cup of coffee on the table, in the style of a symmetrical pastel film set. 20 seconds, seamless loop. One self-contained HTML file.","""…outside a submarine porthole"" | ""…from a Tokyo apartment, one day in 20 seconds"" | ""…from a spaceship over 1,000 years"""
10,Go-all-out one-liners,The loop of a life,adapted,Based on @loicRambo,https://x.com/loicRambo/status/2103428454355980558,"BRAND: open
Make a 20-second animation about the cycle of life: the same individual going from childhood to adolescence to the 9-to-5, to family life, to old age, then cutting back seamlessly to the beginning. Go all out. One self-contained HTML file.",
11,Go-all-out one-liners,"Make them say ""wow""",adapted,Based on @MiaAI_lab,https://x.com/MiaAI_lab/status/2103837519615774895,"BRAND: open
Build me something that makes people say ""wow"" the second they see it. Immersive, unique, something no other model has done before. It can be a video, a toy, a world, anything. No AI slop. Show your best. One self-contained HTML file.",
12,Go-all-out one-liners,A manifesto written entirely in code,adapted,Based on @advait_jayant,https://x.com/advait_jayant/status/2103565104243712107,"BRAND: open
Make a 20-second motion graphics manifesto for the line ""{{YOUR BELIEF IN ONE SENTENCE}}"". Every frame and every sound is written in code: no images, no video, no audio files. One self-contained HTML file; click to start.",
13,Go-all-out one-liners,Homage to a legendary ad,adapted,Based on @1littlecoder,https://x.com/1littlecoder/status/2103746736980378066,"BRAND: open
Create a 30-second ad for {{PRODUCT}} inspired by a legendary TV commercial of your choice (tell me which). Capture its spirit without copying it shot for shot. No border text or frames. One self-contained HTML file.",
14,Go-all-out one-liners,The most elaborate pelican on a bicycle,adapted,"Based on @AxtonLiu, a riff on the classic AI benchmark.",https://x.com/AxtonLiu/status/2103119648271290566,"BRAND: open
Everyone tests models by asking for a pelican riding a bicycle. Make the most complex, detailed and beautiful animated pelican riding a bicycle ever made. Use any technique. Take your time. One self-contained HTML file.",
15,Kinetic typography and title sequences,Words that become architecture,adapted,"Based on @Gdgtify (""BUILD THE FLOOR"")",https://x.com/Gdgtify/status/2103458245213929495,"BRAND: open
Create a 20-second kinetic typography film. Treat it as a miniature speech staged entirely through type: every line changes the architecture of the frame, and the final line must stand on something the earlier words physically built.
Speech (exact words, exact order): {{4–6 SHORT LINES}}.
Central rule: key words have physical roles. One is a beam the next line rests on, one is a column, one is a doorway the camera passes through, one is a floor. These roles must come from the actual letterforms, not from illustrations behind the text. Keep letters legible while they deform.
Type: a high-contrast serif for the speech, a heavy grotesque for load-bearing words. Hold at least one 400ms moment of absolute stillness. 1080×1080, 60fps. One self-contained HTML file using SVG and/or Canvas.",words become a bridge | a staircase | a boat | a bird's nest | a city skyline
16,Kinetic typography and title sequences,Type on the beat,adapted,Based on @techhalla,https://x.com/techhalla/status/2103411244468498547,"BRAND: open
Make a 15-second kinetic type piece for the phrase ""{{PHRASE}}"" cut to a 120 BPM beat (generate the beat in code).
Per-glyph springs on position and opacity; stagger each glyph by a 1/16 note (125ms). Letters scramble through seeded random glyphs, then snap into place exactly on the beat. Each new line replaces the old one through a mask wipe that runs through the letterforms (the outgoing line is the mask). End on a still frame held for 1 second.
One strict 3-colour palette of your choice (not black with acid green). One self-contained HTML file; click to start.",90 BPM lo-fi | 174 BPM drum and bass | a waltz in 3/4
17,Kinetic typography and title sequences,The spinning slot,adapted,Based on @jake11moran,https://x.com/jake11moran/status/2103237884564414633,"BRAND: open
Open on a big line, ""{{OPENING LINE, e.g. These days, the hard part is}}"", entering word by word from the right, then scale it down into place above a spinning list. The list rotates fast through 30 options (too fast to read, it's texture), then decelerates and lands slowly on ""{{LANDING PHRASE}}"". Camera moves at half the speed you'd default to.
12 seconds. One self-contained HTML file.",
18,Kinetic typography and title sequences,Lyric video,adapted,Based on @samaote,https://x.com/samaote/status/2103510974796124569,"BRAND: open
Make a dynamic lyric video for {{ATTACHED SONG, or: an original 30-second song you compose in code with Web Audio, with lyrics you write about {{THEME}}}}. Sync every word to the vocals and beat. Each section of the song gets its own typographic treatment (verse, pre-chorus, chorus). Make it feel like an incredible motion designer's showreel. Go all out. One self-contained HTML file; click to start.",
19,Kinetic typography and title sequences,Words that act out their meaning,original,Written for this kit.,,"BRAND: open
Make a 25-second kinetic type piece where 12 words each behave exactly like what they mean: FALL falls, SHY hides behind the next word, EXPAND pushes the frame edges, ECHO repeats and fades, MELT drips, ORBIT circles the others, and so on (choose the other 6 yourself, surprising ones). Each word hands off to the next with an object-driven transition, so the piece never cuts. One typeface family only. One self-contained HTML file.",
20,Kinetic typography and title sequences,"One title, six eras",original,Written for this kit.,,"BRAND: open
Animate the title ""{{TITLE}}"" six times in a row, each as a main title sequence from a different era of design:
1920s Art Deco, 1950s Saul Bass cut-paper, 1970s disco chrome, 1980s VHS, 1990s grunge, and a 2030s style you invent.
Each era morphs into the next instead of cutting. 30 seconds. Research-accurate type and colour for each era.
One self-contained HTML file.",
21,Logo and brand reveals,Wireframe to shards to logo,adapted,Based on @Mounnna,https://x.com/Mounnna/status/2103802871934497266,"BRAND: open (if open, invent a brand name and a simple geometric logo first)
Create a slow-reveal logo animation. Draw the logo as a thin wireframe first, then fly in faceted low-poly shards one by one until they assemble the logo. Finish by bringing in the app-icon background and typing out the brand name.
8 seconds, ends on a still frame held for 1.5s. Springs, no visible overshoot on the final lock. One self-contained HTML file.",
22,Logo and brand reveals,The logo built from its own story,original,Written for this kit.,,"BRAND: open (if open, invent a brand that makes something physical, and its logo)
Make a 10-second logo reveal where the logo assembles from objects connected to what the brand does: a coffee brand's mark forms from falling beans and a pour of steam; a bike brand's from spokes and chain links. Each object travels on a physically plausible path, lands, and becomes one stroke or shape of the mark. Final frame: logo + name, held 1.5s.
One self-contained HTML file.",
23,Logo and brand reveals,Flocking mosaic,adapted,Based on @zeezomb,https://x.com/zeezomb/status/2102906701552726206,"BRAND: open
Make a 15-second square logo film in WebGL2 and plain JavaScript, no libraries, no image or font files. It looks like a glass and gold-leaf wall mosaic whose tiles were never glued down, so they lift, flip, fly and click back into place. The logo forms from a flock of tiles, holds, then scatters into a second shape that hints at what the brand does, and flocks back into the logo. One self-contained HTML file.",tiles become paper confetti | pixels | dominoes | sugar cubes | LEGO-like bricks
24,Logo and brand reveals,Ten materials in ten seconds,original,Written for this kit.,,"BRAND: open
Render the logo in 10 different materials, one per second, each transforming into the next: liquid metal, folded paper, knitted wool, sliced fruit, chalk on a blackboard, frosted ice, stitched leather, a line of ants, bubbling lava, and finally its true flat brand colours. Make every transition physical (it melts, unfolds, unravels) rather than a crossfade. One self-contained HTML file.",
25,Logo and brand reveals,The 3-second sting,original,Written for this kit.,,"BRAND: open
Make a 3-second logo sting for the start of social videos, in three versions (16:9, 9:16, 1:1). One idea only, executed perfectly: anticipation (0.5s), one decisive move (1s), settle and hold (1.5s). Add a short sound designed in code that matches the move exactly. One self-contained HTML file with a switcher between the three versions.",
26,Logo and brand reveals,Invent a brand and launch it,original,Written for this kit. Great for variety: every run is a different company.,,"BRAND: open
Invent a fictional company that doesn't exist (pick an unexpected industry). Design its name, logo, palette and typeface, then make its 20-second launch film: hook in the first second, three beats showing what it does, and a logo end card. Before you start, tell me the brand in 3 lines. Go all out. One self-contained HTML file.",
27,Abstract and generative loops,Living gradient atmosphere,original,Written for this kit.,,"BRAND: open (if open, choose an unexpected 4-colour palette inspired by a real place at a specific time of day; name it)
Make a full-screen animated atmosphere in one WebGL fragment shader: soft layered fbm noise, slow drifting light, a luminous glow near one corner deepening toward the edges. Period ~16s, seamless loop. The cursor gently bends the flow (≤5%). No purple-to-blue neon. Cap pixel ratio at 2, pause when the tab is hidden, and fall back to a static CSS gradient in the same colours. Add a palette switcher with 5 presets you design. One self-contained HTML file.",
28,Abstract and generative loops,Ink flow field,original,Written for this kit.,,"BRAND: open
Thousands of particles drift through a flow field, leaving ink trails like sumi-e brushstrokes on rice paper. Every 8 seconds the field quietly reorganises so the trails write a word, ""{{WORD}}"", hold it for a breath, then let it dissolve back into flow. Paper texture and ink bleed made in code. Click for a new seed. One self-contained HTML file.",chalk on a blackboard | gold thread on navy silk | sand blown across dunes
29,Abstract and generative loops,A scene drawn only with light specks,adapted,Based on @ishuagra02,https://x.com/ishuagra02/status/2102920408743678129,"BRAND: open
Create a stylised 3D environment of {{A BUSY PLACE, e.g. a beach boardwalk}} that adapts to the visitor's local time of day. The art style is a particle illustration: thousands of tiny glowing specks instead of solid fills, with flowing ribbon strokes behind moving figures to suggest motion. Slow orbiting camera; the cursor parts the specks.
One self-contained HTML file.",a night market | a train station at rush hour | a coral reef | a football stadium
30,Abstract and generative loops,Handmade fractal explorer,adapted,Based on @jrayon,https://x.com/jrayon/status/2102861376184054015,"BRAND: open
Build an art project: a fractal visualiser (Mandelbrot, Julia and one more of your choice) where the fractals look handcrafted from paper, cardboard and string, with layered cut-paper depth and soft shadows. Add cinematic post-processing, elaborate transitions between fractals and a beautiful minimal UI. Plan it first and show me a preview frame before coding everything. One self-contained HTML file.",
31,Abstract and generative loops,Growth,original,Written for this kit.,,"BRAND: open
Simulate something growing, for real: reaction-diffusion, a coral, lichen or a frost pattern spreading across glass (your choice; tell me which). It starts from a single seed point and fills the frame over 30 seconds, then gently recedes back to the seed, so it loops. Run the actual simulation on the GPU, don't fake it. Click anywhere to plant a new seed. One self-contained HTML file.",
32,Abstract and generative loops,Infinite poster generator,original,Written for this kit. Built-in variety: every click is a new design.,,"BRAND: open
Build a generative poster machine. Each click creates a new animated A-series poster in a different design system:
Swiss grid, Bauhaus geometry, Memphis, Japanese minimalism, psychedelic 60s, brutalist, and 4 more you choose. Each poster has a headline from a list of 20 odd, poetic phrases you write, a looping 6-second animation, and correct typographic hierarchy for its style. Show the style name small in the corner of the UI, not on the poster. Add ""Download PNG"". One self-contained HTML file.",
33,3D worlds and scenes,"Invent a story, then animate it in 3D",adapted,"Based on @Ryzoft, @Anilraok",https://x.com/Ryzoft/status/2102989395359887481 https://x.com/Anilraok/status/2103087766662009118,"BRAND: open (if a brand is given, the story should subtly reflect what it stands for, without an ad feel)
Imagine a short story with a character, a problem and a twist. Then, using Three.js, create the full 60-second animation in the style of {{a 90s Saturday-morning cartoon / a stop-motion claymation / a modern animated feature}}.
All models built in code. Real camera language: establishing shot, close-ups, a reveal. Generate music and sound effects in code. Tell me the story in 4 lines before you build. One self-contained HTML file; click to start.",
34,3D worlds and scenes,Walk inside a painting,adapted,Based on @MandelDuck,https://x.com/MandelDuck/status/2103802923465768972,"BRAND: open
Make a small 3D world you can walk around in (WASD + mouse, and touch controls) that is set inside {{A FAMOUS PAINTING, e.g. The Starry Night}}, with its brushwork, palette and lighting carried into 3D. Hide 8 {{cats / clocks / birds}} to find, with a counter and a gentle reward when you find them all. One self-contained HTML file.",inside a Hokusai wave | a Hopper diner at night | a Mondrian city | a Moebius desert
35,3D worlds and scenes,The diorama,original,"Written for this kit, using tricks from @op7418 (edge-detected outlines) and @dreyk0o0 (""What looks least realistic? Fix it"").",https://x.com/op7418/status/2103724883301814408 https://x.com/dreyk0o0/status/2103822946800165270,"BRAND: open
Build a tiny isometric 3D diorama of {{A PLACE, e.g. a rainy noodle shop corner at night}} in Three.js, all geometry in code. Toon-shaded, with outlines made by edge detection on the normal and depth buffers (not scaled-up back faces).
Soft shadows, ambient occlusion, small moving details (steam, flickering sign, a cat's tail). Slow orbit; drag to rotate. Target 60fps on an average laptop. When done, screenshot it, ask yourself ""what looks least crafted?"", and fix it. Repeat twice. One self-contained HTML file.",
36,3D worlds and scenes,"Hero object, exploded",original,Written for this kit.,,"BRAND: open (if a brand is given, the object is its product; otherwise invent a beautifully designed everyday object)
Model {{AN OBJECT, e.g. a pair of headphones}} procedurally in Three.js with studio lighting and a soft reflective floor. It turns slowly on a turntable. On scroll, it explodes into its parts with labelled callouts (each label says what the part does), then reassembles. Physically based materials, no external files. One self-contained HTML file.",
37,3D worlds and scenes,A tiny planet,original,Written for this kit.,,"BRAND: open
Create a tiny low-poly planet you can spin with the mouse: oceans, a forest, a small town, clouds that drift, a full day-night cycle every 30 seconds with lights coming on in windows at dusk, and one surprising inhabitant. Gentle ambient sound made in code. Click anywhere on the planet to plant a tree that grows. One self-contained HTML file.",
38,3D worlds and scenes,A character's routine,adapted,Based on @chrisjdimarco,https://x.com/chrisjdimarco/status/2103232192847524106,"BRAND: open
Make {{A CHARACTER, e.g. a samurai}} in pure JavaScript, performing a routine in one spot, moving through a sequence of seriously impressive poses and motions in a {{fiery / snowy / underwater}} setting. Believable weight, anticipation and follow-through on every move. 30 seconds, seamless loop. One self-contained HTML file.",
39,Explainers and data stories,"Step by step, empty to finished",adapted,"Based on @Ror_Fly, @Sarut0biSasuke",https://x.com/Ror_Fly/status/2102853258582880547 https://x.com/Sarut0biSasuke/status/2103418429248069973,"BRAND: open
Make a 30-second explainer animation showing {{A PROCESS, e.g. how to make a White Russian}} from start to finish (empty glass to finished cocktail). Show each ingredient and measurement as it goes in, with liquids that pour, layer and mix believably. Clean labels that appear exactly when each step happens. One self-contained HTML file.",brewing pour-over coffee | building a sourdough loaf | assembling a bike wheel | planting a herb garden
40,Explainers and data stories,Simulate it for real,adapted,Based on @AstroTheWizard,https://x.com/AstroTheWizard/status/2103629247751618782,"BRAND: open
Make an animated explainer of {{A SCIENCE IDEA, e.g. how a black hole bends light}}. Wherever you can, simulate the real thing: a random walk should be an actual random walk, orbits should follow real gravity, not drawings of them.
Include real numbers with units, and be honest about uncertainty. 45 seconds in 4 scenes, one idea per scene.
One self-contained HTML file.",
41,Explainers and data stories,Whiteboard explainer,adapted,Based on @tak3sh8,https://x.com/tak3sh8/status/2103667481139441895,"BRAND: open
Make a quick hand-drawn whiteboard animation explaining {{A HARD TOPIC}} to a curious 15-year-old. A marker draws each diagram stroke by stroke, with handwritten labels, arrows and the occasional doodle joke. Wobbly, human lines.
60 seconds. One self-contained HTML file.",
42,Explainers and data stories,Five-scene explainer for any business,adapted,Based on @alex_prompter,https://x.com/alex_prompter/status/2103499977632997524,"BRAND: open (if open, invent a small business)
Adopt the role of an expert motion designer. Build a 30-second animated explainer as a single HTML page. 5 scenes: the customer's problem, what the business does, how it works in 3 steps, one proof point, and the name at the end.
Bold text, smooth transitions. Business: {{DESCRIBE WHAT YOU SELL AND WHO IT'S FOR}}.",
43,Explainers and data stories,A dataset becomes a story,original,Written for this kit.,,"BRAND: open
Turn this data into a 40-second animated data story: {{PASTE A CSV, or: ""use public data you know well about TOPIC, and cite the source on screen""}}. Find the single most surprising finding and build the whole piece toward it. Start with context, then let the chart transform (bars become a line become a map) instead of cutting between charts. End on the finding as one sentence with its number. Axes honest, units labelled. One self-contained HTML file.",
44,Explainers and data stories,"How it works, frame by frame",adapted,Based on @ParkerRex,https://x.com/ParkerRex/status/2103206747846701462,"BRAND: open
Explain {{A SYSTEM, e.g. how a token bucket rate limiter works / how GPS finds you}}. Canvas only, no libraries, every frame a pure function of time, so it can be scrubbed backwards and forwards with a slider. Show the mechanism working, not a diagram of it. 30 seconds. One self-contained HTML file.",
45,UI and product motion,"One shape, never cut",adapted,"Based on @twoclipping, the open-sourced UI-morph template (about 12K likes).",https://x.com/twoclipping/status/2103273003555402193,"BRAND: open
Make a 20-second UI motion piece where one shape is never cut: a button becomes a loader, becomes a check, becomes a dynamic island, becomes a tab bar, becomes a chart that draws itself, becomes a toast, and returns to the button.
The shape's silhouette visibly connects every state. Content enters after its container starts morphing and leaves before the next morph, so text never overlaps. Springs everywhere, a tiny overshoot at most. The tab indicator's two edges ride different springs so the leading edge stretches ahead. Banned: bouncy easing, particle bursts, glows, gradients on UI chrome. Show me the list of states before you write code. One self-contained HTML file.",
46,UI and product motion,Product launch film,adapted,"Based on @jhylee95, @hqmank",https://x.com/jhylee95/status/2103604431627452427 https://x.com/hqmank/status/2103831140033241156,"BRAND: open (if open, invent a product and its UI)
You're a world-class motion designer making a 20-second launch video for {{PRODUCT + ONE-LINE PITCH}}, as if it's the hero video on its homepage. Hook in the first second, then distinct beats for the product's proof points. Show real UI (rebuilt in code, not screenshots pasted flat), broken into parts that animate. Compose a track in code and land every cut and animation hit on a beat. Go all out. One self-contained HTML file; click to start.",
47,UI and product motion,Micro-interaction playground,original,Written for this kit.,,"BRAND: open
Build a playground of 8 micro-interactions, each a small masterpiece: a like button, a toggle, a copy-to-clipboard, a password strength meter, a slider with a value bubble, a download button with progress, a tab bar, and a pull-to-refresh. Each has a distinct but related personality, springs tuned by hand, hover, focus, pressed and disabled states, and respects reduced-motion settings. Lay them out as a gallery. One self-contained HTML file.",
48,UI and product motion,App walkthrough in a phone,original,Written for this kit.,,"BRAND: open (if open, invent an app with an unusual purpose)
Make a 25-second app walkthrough inside a realistic phone frame floating in a styled scene. Show 4 screens of the app doing its job, with shared-element transitions between screens (a card grows into the next screen; a photo flies into its detail view). A finger cursor taps with small press ripples. The camera drifts and pushes in on key moments.
One self-contained HTML file.",
49,UI and product motion,"Five scroll sections, five ideas",adapted,Based on @ercankeskinx,https://x.com/ercankeskinx/status/2102995443818897906,"BRAND: open
Build 5 completely different scroll-driven sections on one page. Decide the context and layout of each yourself, and make each use a different technique: pinned storytelling, horizontal scroll, scroll-scrubbed 3D, text that assembles on scroll, and one you invent. Smooth, no scroll-jacking, works on phones. One self-contained HTML file.",
50,Handmade and retro looks,Paper shadow theatre,adapted,Based on @x4b47x,https://x.com/x4b47x/status/2103019799614034026,"BRAND: open
Create a pure JavaScript animation, 30–60 seconds, vertical 9:16, in a paper cut-out shadow theatre style, with gentle fitting audio made in code, on the topic: {{A QUESTION, e.g. What makes a place feel like home?}}. Puppets on visible rods, a warm lamp that flickers, paper edges and slight wobble. One self-contained HTML file; click to start.","""Why do we keep old letters?"" | ""What does a city sound like at dawn?"" | ""What is courage?"""
51,Handmade and retro looks,Whimsical collage story,adapted,Based on @TomAndrieu96707,https://x.com/TomAndrieu96707/status/2103411144899875264,"BRAND: open (if a brand is given, tell its ""about us"" story)
Create a pure JavaScript animation, 30–60 seconds, in a whimsical hand-drawn collage style (torn paper, magazine cut-outs, doodles, tape) with fitting audio made in code, telling the story of {{A STORY}}. One self-contained HTML file.",
52,Handmade and retro looks,Risograph zine,adapted,Based on @rneayan,https://x.com/rneayan/status/2103401006281441493,"BRAND: open
Make an animated risograph zine about {{A SUBJECT}}: 6 spreads that turn like pages. Two or three flat ink colours only, with real riso tells: halftone dots, slight registration misalignment between ink layers, paper grain, ink that's darker where it overlaps. Each spread has one small loop of motion. One self-contained HTML file.",
53,Handmade and retro looks,Retro-futurist broadcast,adapted,Based on @johnsavage_ai,https://x.com/johnsavage_ai/status/2103792769982427263,"BRAND: open
Create a 20-second retro-futuristic launch video for {{SUBJECT}}, as if broadcast on a 1980s TV in a world that invented the internet in 1975. Film grain, CRT scanlines, slight curvature and chromatic bleed made in code. Make it mesmerising and show off your skills as a motion designer. 16:9. One self-contained HTML file.",
54,Handmade and retro looks,Sand animation,adapted,Based on @Michaelzsguo,https://x.com/Michaelzsguo/status/2102592355165782312,"BRAND: open
Make a 90-second sand animation, like a live sand artist on a lightbox, that tells the story of {{A LONG STORY, e.g. the history of flight}}. Each scene is swept, smeared and redrawn by an invisible hand into the next. Lively, engaging and tasteful. Background music and sound design made in code. One self-contained HTML file; click to start.",
55,Handmade and retro looks,Hand-drawn stop motion,adapted,Based on @_nikolajankovic,https://x.com/_nikolajankovic/status/2102867033100616097,"BRAND: open
Make a hand-drawn stop-motion animation at 12 frames per second with line boil (lines redrawn slightly differently every frame). Story: {{A CHARACTER OR PRODUCT}} explains itself in the first person, with a twist at the end.
30 seconds. One self-contained HTML file.",
56,Handmade and retro looks,16-bit cutscene,original,Written for this kit.,,"BRAND: open
Create a 30-second 16-bit pixel art cutscene, as if from a lost 1994 adventure game: {{A SCENE, e.g. a lighthouse keeper spotting a ship in a storm}}. Limited 32-colour palette, parallax layers, dithering for gradients, pixel-perfect scaling, a dialogue box with typewriter text, and a chiptune soundtrack made in code. One self-contained HTML file; click to start.",
57,"Interactive toys, games and music",The unlock moment,adapted,Based on @op7418,https://x.com/op7418/status/2103724883301814408,"BRAND: open
Make a single-file web page that plays a full reward reveal with one click: {{A REWARD, e.g. opening a mystery box / unlocking a rare card}}. Five phases, none optional: 1) ready: an idle float with a hint every few seconds that it's clickable; 2) charge: building anticipation; 3) burst: the decisive reveal; 4) reveal: the prize shown off; 5) settle: it flies to its place. The state machine must be rigorous: ignore clicks during playback, no corrupted state. Works at phone width, respects reduced motion, 60fps, and the first load shows the full idle scene, never blank.",
58,"Interactive toys, games and music",The premium badge,adapted,Based on @BThreeAgency,https://x.com/BThreeAgency/status/2103739079745827092,"BRAND: open
Build an achievement-badge unlock screen. Design the badge yourself (or use mine). Animate it so it feels premium and celebratory: build its scene, then celebrate. Treat the badge as a solid 3D object that tilts toward the cursor following the rules of physics. Fast and smooth, not bouncy. Light glints across its surface as it tilts.
One self-contained HTML file.",
59,"Interactive toys, games and music",Pixel-art card battler,adapted,Based on @aisongman,https://x.com/aisongman/status/2103763192971461057,"BRAND: open
Create a 1-on-1 card game in the spirit of Hearthstone, in pixel art style. Just make it, as well as you can: 12 unique cards, a simple AI opponent, juicy card animations (draw, play, attack, damage numbers, death), and chiptune sound effects made in code. One self-contained HTML file.",cards are kitchen utensils | planets | famous painters | houseplants
60,"Interactive toys, games and music",Cursor playground,original,Written for this kit.,,"BRAND: open
Build a playground where the cursor becomes a different physical tool every time you press space, across 6 modes: a magnet pulling iron filings, wind blowing through tall grass, a brush pushing wet paint, a torch lighting a dark room, a finger poking jelly, and a mode you invent. Each mode has its own sound made in code. Works with touch.
One self-contained HTML file.",
61,"Interactive toys, games and music",Music visualiser,original,Written for this kit.,,"BRAND: open
Make an audio-reactive visualiser. Sources: the microphone (ask permission) or a built-in 60-second track you compose in code. Split the sound into bass, mids and highs, and give each band its own visual job (bass moves the camera, mids reshape the main form, highs spark detail). Three scenes you switch between with keys 1–3, each in a completely different visual style. One self-contained HTML file.",
62,"Interactive toys, games and music",Physics toy,original,Written for this kit.,,"BRAND: open
Make a physics toy where you fling {{OBJECTS, e.g. soft rubber letters}} around a room with the mouse or finger. Make every impact feel great: a tiny hit-stop, a little screen shake scaled to the force, a squash on contact, and a sound made in code whose pitch depends on the object's size. Objects stack, tumble and settle believably. A reset button rains new objects in. One self-contained HTML file.",
63,"Interactive toys, games and music",The painter,adapted,Based on @ehsanik,https://x.com/ehsanik/status/2102885216692162993,"BRAND: open
Make an animation of an invisible painter recreating {{A FAMOUS PAINTING}} from a blank canvas, stroke by stroke, with visible brushes changing size and colour, paint that blends and builds up, and the composition emerging the way a real painter would work (blocking in, then shapes, then detail). 60 seconds; a slider lets you scrub through the painting's history. One self-contained HTML file.",
